company_name,title,url,location,source,posted_date
Hiring Companies,,https://www.clearancejobs.com/,Multiple Locations,Cleared Jobs,Recent
SYSTOLIC,Cloud Application Developer [$375k/yr] TS/SCI CI-Poly,https://www.clearancejobs.com/jobs/8671334/cloud-application-developer-375kyr-tssci-ci-poly,Multiple Locations,Cleared Jobs,Recent
SYSTOLIC,Cloud Application Developer [$375k/yr] TS/SCI CI-Poly,https://www.clearancejobs.com/jobs/8671334/cloud-application-developer-375kyr-tssci-ci-poly,Multiple Locations,Cleared Jobs,Recent
SYSTOLIC,Cloud Application Developer [$375k/yr] TS/SCI CI-Poly,https://www.clearancejobs.com/jobs/8671334/cloud-application-developer-375kyr-tssci-ci-poly,Multiple Locations,Cleared Jobs,Recent
SYSTOLIC,Cloud Application Developer [$375k/yr] TS/SCI CI-Poly,https://www.clearancejobs.com/jobs/8671334/cloud-application-developer-375kyr-tssci-ci-poly,Multiple Locations,Cleared Jobs,Recent
SYSTOLIC,Cloud Application Developer [$375k/yr] TS/SCI CI-Poly,https://www.clearancejobs.com/jobs/8671334/cloud-application-developer-375kyr-tssci-ci-poly,Multiple Locations,Cleared Jobs,Recent
SYSTOLIC,Cloud Application Developer [$375k/yr] TS/SCI CI-Poly,https://www.clearancejobs.com/jobs/8671334/cloud-application-developer-375kyr-tssci-ci-poly,Multiple Locations,Cleared Jobs,Recent
SYSTOLIC,SYSTOLIC,https://www.clearancejobs.com/profiles/1198150/systolic-jobs,Multiple Locations,Cleared Jobs,Recent
SYSTOLIC,Cloud DevOps Engineer [$375k/yr] TS/SCI CI-Poly,https://www.clearancejobs.com/jobs/8671333/cloud-devops-engineer-375kyr-tssci-ci-poly,Multiple Locations,Cleared Jobs,Recent
SYSTOLIC,Cloud DevOps Engineer [$375k/yr] TS/SCI CI-Poly,https://www.clearancejobs.com/jobs/8671333/cloud-devops-engineer-375kyr-tssci-ci-poly,Multiple Locations,Cleared Jobs,Recent
SYSTOLIC,Cloud DevOps Engineer [$375k/yr] TS/SCI CI-Poly,https://www.clearancejobs.com/jobs/8671333/cloud-devops-engineer-375kyr-tssci-ci-poly,Multiple Locations,Cleared Jobs,Recent
SYSTOLIC,Cloud DevOps Engineer [$375k/yr] TS/SCI CI-Poly,https://www.clearancejobs.com/jobs/8671333/cloud-devops-engineer-375kyr-tssci-ci-poly,Multiple Locations,Cleared Jobs,Recent
SYSTOLIC,SYSTOLIC,https://www.clearancejobs.com/profiles/1198150/systolic-jobs,Multiple Locations,Cleared Jobs,Recent
ion Developer,Cloud Application Developer [$375k/yr] TS/SCI CI-Poly,https://www.clearancejobs.com/jobs/8671334/cloud-application-developer-375kyr-tssci-ci-poly,Multiple Locations,Cleared Jobs,Recent
"Innova Solutions, Inc.",Systems Engineer,https://www.clearancejobs.com/jobs/8671332/systems-engineer,Multiple Locations,Cleared Jobs,Recent
